qv,q2,ex,nu,RTTOT,RLTOT,RTQE,RLQE,RTIE,RLIE,RTE,RLE,RTNS,RLNS
0.063,0.00397,-8e-05,0.0001,1.045859e-08,8.706236e-09,0.0,0.0,0.0,0.0,0.0,0.0,1.045859e-08,8.706236e-09
0.063,0.00397,2e-05,0.0002,1.129456e-08,9.3794e-09,0.0,0.0,0.0,0.0,0.0,0.0,1.129456e-08,9.3794e-09
0.063,0.00397,0.00012,0.0003,1.219438e-08,1.010785e-08,0.0,0.0,0.0,0.0,0.0,0.0,1.219438e-08,1.010785e-08
0.063,0.00397,0.00022,0.0004,1.316269e-08,1.090236e-08,0.0,0.0,0.0,0.0,0.0,0.0,1.316269e-08,1.090236e-08
0.063,0.00397,0.00032,0.0005,1.420443e-08,1.178257e-08,0.0,0.0,0.0,0.0,0.0,0.0,1.420443e-08,1.178257e-08
0.063,0.00397,0.00042,0.0006,1.532489e-08,1.278657e-08,0.0,0.0,0.0,0.0,0.0,0.0,1.532489e-08,1.278657e-08
0.063,0.00397,0.00052,0.0007,1.652972e-08,1.399019e-08,0.0,0.0,0.0,0.0,0.0,0.0,1.652972e-08,1.399019e-08
0.063,0.00397,0.00062,0.0008,1.782493e-08,1.554486e-08,0.0,0.0,0.0,0.0,0.0,0.0,1.782493e-08,1.554486e-08
0.063,0.00397,0.00072,0.0009,1.921695e-08,1.775043e-08,0.0,0.0,0.0,0.0,0.0,0.0,1.921695e-08,1.775043e-08
0.063,0.00397,0.00082,0.001,2.071264e-08,2.119129e-08,0.0,0.0,0.0,0.0,0.0,0.0,2.071264e-08,2.119129e-08
0.063,0.00397,0.00092,0.0011,2.231931e-08,2.698504e-08,0.0,0.0,0.0,0.0,0.0,0.0,2.231931e-08,2.698504e-08
0.063,0.00397,0.00102,0.0012,2.404476e-08,3.72247e-08,0.0,0.0,0.0,0.0,0.0,0.0,2.404476e-08,3.72247e-08
0.063,0.00397,0.00112,0.0013,2.58973e-08,5.574483e-08,0.0,0.0,0.0,0.0,0.0,0.0,2.58973e-08,5.574483e-08
0.063,0.00397,0.00122,0.0014,2.788579e-08,8.941323e-08,0.0,0.0,0.0,0.0,0.0,0.0,2.788579e-08,8.941323e-08
0.063,0.00397,0.00132,0.0015,3.001965e-08,1.502488e-07,0.0,0.0,0.0,0.0,0.0,0.0,3.001965e-08,1.502488e-07
0.063,0.00397,0.00142,0.0016,3.230894e-08,2.587948e-07,0.0,0.0,0.0,0.0,0.0,0.0,3.230894e-08,2.587948e-07
0.063,0.00397,0.00152,0.0017,3.476435e-08,4.493333e-07,0.0,0.0,0.0,0.0,0.0,0.0,3.476435e-08,4.493333e-07
0.063,0.00397,0.00162,0.0018,3.739726e-08,7.776926e-07,0.0,0.0,0.0,0.0,0.0,0.0,3.739726e-08,7.776926e-07
0.063,0.00397,0.00172,0.0019,4.02198e-08,1.332556e-06,0.0,0.0,0.0,0.0,0.0,0.0,4.02198e-08,1.332556e-06
0.063,0.00397,0.00182,0.002,4.324483e-08,2.251261e-06,0.0,0.0,0.0,0.0,0.0,0.0,4.324483e-08,2.251261e-06
0.063,0.00396,0.00192,0.0021,4.648608e-08,3.741023e-06,0.0,0.0,0.0,0.0,0.0,0.0,4.648608e-08,3.741023e-06
0.063,0.00396,0.00202,0.0022,4.99581e-08,6.106221e-06,0.0,0.0,0.0,0.0,0.0,0.0,4.99581e-08,6.106221e-06
0.063,0.00396,0.00212,0.0023,5.367638e-08,9.781748e-06,0.0,0.0,0.0,0.0,0.0,0.0,5.367638e-08,9.781748e-06
0.063,0.00396,0.00222,0.0024,5.765737e-08,1.537133e-05,0.0,0.0,0.0,0.0,0.0,0.0,5.765737e-08,1.537133e-05
0.063,0.00396,0.00232,0.0025,6.191854e-08,2.368812e-05,0.0,0.0,0.0,0.0,0.0,0.0,6.191854e-08,2.368812e-05
0.063,0.00396,0.00242,0.0026,6.647846e-08,3.579295e-05,0.0,0.0,0.0,0.0,0.0,0.0,6.647846e-08,3.579295e-05
0.063,0.00396,0.00252,0.0027,7.135682e-08,5.302299e-05,0.0,0.0,0.0,0.0,0.0,0.0,7.135682e-08,5.302299e-05
0.063,0.00396,0.00262,0.0028,7.657452e-08,7.700187e-05,0.0,0.0,0.0,0.0,0.0,0.0,7.657452e-08,7.700187e-05
0.063,0.00396,0.00272,0.0029,8.215376e-08,0.0001096199,0.0,0.0,0.0,0.0,0.0,0.0,8.215376e-08,0.0001096199
0.063,0.00396,0.00282,0.003,8.811804e-08,0.0001529738,0.0,0.0,0.0,0.0,0.0,0.0,8.811804e-08,0.0001529738
0.063,0.00396,0.00292,0.0031,9.449233e-08,0.0002092548,0.0,0.0,0.0,0.0,0.0,0.0,9.449233e-08,0.0002092548
0.063,0.00396,0.00302,0.0032,1.013031e-07,0.0002805818,0.0,0.0,0.0,0.0,0.0,0.0,1.013031e-07,0.0002805818
0.063,0.00396,0.00312,0.0033,1.085783e-07,0.0003687784,0.0,0.0,0.0,0.0,0.0,0.0,1.085783e-07,0.0003687784
0.063,0.00396,0.00322,0.0034,1.163476e-07,0.0004751063,0.0,0.0,0.0,0.0,0.0,0.0,1.163476e-07,0.0004751063
0.063,0.00396,0.00332,0.0035,1.246425e-07,0.0005999756,0.0,0.0,0.0,0.0,0.0,0.0,1.246425e-07,0.0005999756
0.063,0.00396,0.00342,0.0036,1.334964e-07,0.0007426643,0.0,0.0,0.0,0.0,0.0,0.0,1.334964e-07,0.0007426643
0.063,0.00396,0.00352,0.0037,1.429443e-07,0.0009010869,0.0,0.0,0.0,0.0,0.0,0.0,1.429443e-07,0.0009010869
0.063,0.00395,0.00362,0.0038,1.530236e-07,0.001071655,0.0,0.0,0.0,0.0,0.0,0.0,1.530236e-07,0.001071655
0.063,0.00395,0.00372,0.0039,1.637738e-07,0.001249273,0.0,0.0,0.0,0.0,0.0,0.0,1.637738e-07,0.001249273
0.063,0.00395,0.00382,0.004,1.752366e-07,0.00142749,0.0,0.0,0.0,0.0,0.0,0.0,1.752366e-07,0.00142749
0.063,0.00395,0.00392,0.0041,1.87456e-07,0.001598828,0.0,0.0,0.0,0.0,0.0,0.0,1.87456e-07,0.001598828
0.063,0.00395,0.00402,0.0042,2.004786e-07,0.001755268,0.0,0.0,0.0,0.0,0.0,0.0,2.004786e-07,0.001755268
0.063,0.00395,0.00412,0.0043,2.143537e-07,0.001888853,0.0,0.0,0.0,0.0,0.0,0.0,2.143537e-07,0.001888853
0.063,0.00395,0.00422,0.0044,2.291334e-07,0.001992353,0.0,0.0,0.0,0.0,0.0,0.0,2.291334e-07,0.001992353
0.063,0.00395,0.00432,0.0045,2.448725e-07,0.002059916,0.0,0.0,0.0,0.0,0.0,0.0,2.448725e-07,0.002059916
0.063,0.00395,0.00442,0.0046,2.61629e-07,0.002087613,0.0,0.0,0.0,0.0,0.0,0.0,2.61629e-07,0.002087613
0.063,0.00395,0.00452,0.0047,2.794641e-07,0.002073832,0.0,0.0,0.0,0.0,0.0,0.0,2.794641e-07,0.002073832
0.063,0.00395,0.00462,0.0048,2.984424e-07,0.002019436,0.0,0.0,0.0,0.0,0.0,0.0,2.984424e-07,0.002019436
0.063,0.00394,0.00472,0.0049,3.186318e-07,0.001927698,0.0,0.0,0.0,0.0,0.0,0.0,3.186318e-07,0.001927698
0.063,0.00394,0.00482,0.005,3.401043e-07,0.001804004,0.0,0.0,0.0,0.0,0.0,0.0,3.401043e-07,0.001804004
0.063,0.00394,0.00492,0.0051,3.629355e-07,0.001655373,0.0,0.0,0.0,0.0,0.0,0.0,3.629355e-07,0.001655373
0.063,0.00394,0.00502,0.0052,3.87205e-07,0.001489865,0.0,0.0,0.0,0.0,0.0,0.0,3.87205e-07,0.001489865
0.063,0.00394,0.00512,0.0053,4.12997e-07,0.00131596,0.0,0.0,0.0,0.0,0.0,0.0,4.12997e-07,0.00131596
0.063,0.00394,0.00522,0.0054,4.403997e-07,0.001141975,0.0,0.0,0.0,0.0,0.0,0.0,4.403997e-07,0.001141975
0.063,0.00394,0.00532,0.0055,4.695064e-07,0.0009756027,0.0,0.0,0.0,0.0,0.0,0.0,4.695064e-07,0.0009756027
0.063,0.00394,0.00542,0.0056,5.00415e-07,0.0008236068,0.0,0.0,0.0,0.0,0.0,0.0,5.00415e-07,0.0008236068
0.063,0.00394,0.00552,0.0057,5.332287e-07,0.000691691,0.0,0.0,0.0,0.0,0.0,0.0,5.332287e-07,0.000691691
0.063,0.00394,0.00562,0.0058,5.680558e-07,0.0005845333,0.0,0.0,0.0,0.0,0.0,0.0,5.680558e-07,0.0005845333
0.063,0.00393,0.00572,0.0059,6.050104e-07,0.0005059453,0.0,0.0,0.0,0.0,0.0,0.0,6.050104e-07,0.0005059453
0.063,0.00393,0.00582,0.006,6.442125e-07,0.0004591024,0.0,0.0,0.0,0.0,0.0,0.0,6.442125e-07,0.0004591024
0.063,0.00393,0.00592,0.0061,6.857879e-07,0.0004467793,0.0,0.0,0.0,0.0,0.0,0.0,6.857879e-07,0.0004467793
0.063,0.00393,0.00602,0.0062,7.298691e-07,0.0004715261,0.0,0.0,0.0,0.0,0.0,0.0,7.298691e-07,0.0004715261
0.063,0.00393,0.00612,0.0063,7.765949e-07,0.0005357299,0.0,0.0,0.0,0.0,0.0,0.0,7.765949e-07,0.0005357299
0.063,0.00393,0.00622,0.0064,8.261115e-07,0.0006415239,0.0,0.0,0.0,0.0,0.0,0.0,8.261115e-07,0.0006415239
0.063,0.00393,0.00632,0.0065,8.785719e-07,0.0007905324,0.0,0.0,0.0,0.0,0.0,0.0,8.785719e-07,0.0007905324
0.063,0.00393,0.00642,0.0066,9.34137e-07,0.0009834657,0.0,0.0,0.0,0.0,0.0,0.0,9.34137e-07,0.0009834657
0.063,0.00392,0.00652,0.0067,9.929754e-07,0.001219611,0.0,0.0,0.0,0.0,0.0,0.0,9.929754e-07,0.001219611
0.063,0.00392,0.00662,0.0068,1.055264e-06,0.001496292,0.0,0.0,0.0,0.0,0.0,0.0,1.055264e-06,0.001496292
0.063,0.00392,0.00672,0.0069,1.121188e-06,0.001808388,0.0,0.0,0.0,0.0,0.0,0.0,1.121188e-06,0.001808388
0.063,0.00392,0.00682,0.007,1.190942e-06,0.002148005,0.0,0.0,0.0,0.0,0.0,0.0,1.190942e-06,0.002148005
0.063,0.00392,0.00692,0.0071,1.26473e-06,0.002504412,0.0,0.0,0.0,0.0,0.0,0.0,1.26473e-06,0.002504412
0.063,0.00392,0.00702,0.0072,1.342765e-06,0.002864277,0.0,0.0,0.0,0.0,0.0,0.0,1.342765e-06,0.002864277
0.063,0.00392,0.00712,0.0073,1.425271e-06,0.00321227,0.0,0.0,0.0,0.0,0.0,0.0,1.425271e-06,0.00321227
0.063,0.00391,0.00722,0.0074,1.512481e-06,0.00353199,0.0,0.0,0.0,0.0,0.0,0.0,1.512481e-06,0.00353199
0.063,0.00391,0.00732,0.0075,1.604641e-06,0.003807143,0.0,0.0,0.0,0.0,0.0,0.0,1.604641e-06,0.003807143
0.063,0.00391,0.00743,0.0076,1.702007e-06,0.004022873,0.0,0.0,0.0,0.0,0.0,0.0,1.702007e-06,0.004022873
0.063,0.00391,0.00753,0.0077,1.804847e-06,0.004167065,0.0,0.0,0.0,0.0,0.0,0.0,1.804847e-06,0.004167065
0.063,0.00391,0.00763,0.0078,1.913442e-06,0.004231473,0.0,0.0,0.0,0.0,0.0,0.0,1.913442e-06,0.004231473
0.063,0.00391,0.00773,0.0079,2.028087e-06,0.004212522,0.0,0.0,0.0,0.0,0.0,0.0,2.028087e-06,0.004212522
0.063,0.00391,0.00783,0.008,2.149086e-06,0.004111667,0.0,0.0,0.0,0.0,0.0,0.0,2.149086e-06,0.004111667
0.063,0.0039,0.00793,0.0081,2.276763e-06,0.003935263,0.0,0.0,0.0,0.0,0.0,0.0,2.276763e-06,0.003935263
0.063,0.0039,0.00803,0.0082,2.411452e-06,0.00369396,0.0,0.0,0.0,0.0,0.0,0.0,2.411452e-06,0.00369396
0.063,0.0039,0.00813,0.0083,2.553504e-06,0.003401698,0.0,0.0,0.0,0.0,0.0,0.0,2.553504e-06,0.003401698
0.063,0.0039,0.00823,0.0084,2.703286e-06,0.003074438,0.0,0.0,0.0,0.0,0.0,0.0,2.703286e-06,0.003074438
0.063,0.0039,0.00833,0.0085,2.861181e-06,0.002728782,0.0,0.0,0.0,0.0,0.0,0.0,2.861181e-06,0.002728782
0.063,0.0039,0.00843,0.0086,3.027589e-06,0.002380649,0.0,0.0,0.0,0.0,0.0,0.0,3.027589e-06,0.002380649
0.063,0.00389,0.00853,0.0087,3.202928e-06,0.002044139,0.0,0.0,0.0,0.0,0.0,0.0,3.202928e-06,0.002044139
0.063,0.00389,0.00863,0.0088,3.387635e-06,0.001730705,0.0,0.0,0.0,0.0,0.0,0.0,3.387635e-06,0.001730705
0.063,0.00389,0.00873,0.0089,3.582168e-06,0.001448661,0.0,0.0,0.0,0.0,0.0,0.0,3.582168e-06,0.001448661
0.063,0.00389,0.00883,0.009,3.787003e-06,0.001203055,0.0,0.0,0.0,0.0,0.0,0.0,3.787003e-06,0.001203055
0.063,0.00389,0.00893,0.0091,4.002639e-06,0.0009958472,0.0,0.0,0.0,0.0,0.0,0.0,4.002639e-06,0.0009958472
0.063,0.00388,0.00903,0.0092,4.229596e-06,0.0008263363,0.0,0.0,0.0,0.0,0.0,0.0,4.229596e-06,0.0008263363
0.063,0.00388,0.00913,0.0093,4.468419e-06,0.0006917397,0.0,0.0,0.0,0.0,0.0,0.0,4.468419e-06,0.0006917397
0.063,0.00388,0.00923,0.0094,4.719678e-06,0.0005878442,0.0,0.0,0.0,0.0,0.0,0.0,4.719678e-06,0.0005878442
0.063,0.00388,0.00933,0.0095,4.983968e-06,0.0005096473,0.0,0.0,0.0,0.0,0.0,0.0,4.983968e-06,0.0005096473
0.063,0.00388,0.00943,0.0096,5.26191e-06,0.00045193,0.0,0.0,0.0,0.0,0.0,0.0,5.26191e-06,0.00045193
0.063,0.00387,0.00953,0.0097,5.554156e-06,0.0004097203,0.0,0.0,0.0,0.0,0.0,0.0,5.554156e-06,0.0004097203
0.063,0.00387,0.00963,0.0098,5.861387e-06,0.0003786275,0.0,0.0,0.0,0.0,0.0,0.0,5.861387e-06,0.0003786275
0.063,0.00387,0.00973,0.0099,6.184316e-06,0.000355047,0.0,0.0,0.0,0.0,0.0,0.0,6.184316e-06,0.000355047
0.063,0.00387,0.00983,0.01,6.52369e-06,0.0003362448,0.0,0.0,0.0,0.0,0.0,0.0,6.52369e-06,0.0003362448
0.063,0.00387,0.00993,0.0101,6.880292e-06,0.0003203447,0.0,0.0,0.0,0.0,0.0,0.0,6.880292e-06,0.0003203447
0.063,0.00386,0.01003,0.0102,7.254941e-06,0.0003062433,0.0,0.0,0.0,0.0,0.0,0.0,7.254941e-06,0.0003062433
0.063,0.00386,0.01013,0.0103,7.648499e-06,0.0002934789,0.0,0.0,0.0,0.0,0.0,0.0,7.648499e-06,0.0002934789
0.063,0.00386,0.01023,0.0104,8.061867e-06,0.0002820817,0.0,0.0,0.0,0.0,0.0,0.0,8.061867e-06,0.0002820817
0.063,0.00386,0.01033,0.0105,8.495996e-06,0.0002724252,0.0,0.0,0.0,0.0,0.0,0.0,8.495996e-06,0.0002724252
0.063,0.00386,0.01043,0.0106,8.95188e-06,0.0002650945,0.0,0.0,0.0,0.0,0.0,0.0,8.95188e-06,0.0002650945
0.063,0.00385,0.01053,0.0107,9.430569e-06,0.0002607839,0.0,0.0,0.0,0.0,0.0,0.0,9.430569e-06,0.0002607839
0.063,0.00385,0.01063,0.0108,9.933167e-06,0.000260225,0.0,0.0,0.0,0.0,0.0,0.0,9.933167e-06,0.000260225
0.063,0.00385,0.01073,0.0109,1.046084e-05,0.0002641457,0.0,0.0,0.0,0.0,0.0,0.0,1.046084e-05,0.0002641457
0.063,0.00385,0.01083,0.011,1.101481e-05,0.0002732546,0.0,0.0,0.0,0.0,0.0,0.0,1.101481e-05,0.0002732546
0.063,0.00385,0.01093,0.0111,1.15964e-05,0.0002882414,0.0,0.0,0.0,0.0,0.0,0.0,1.15964e-05,0.0002882414
0.063,0.00384,0.01103,0.0112,1.220698e-05,0.0003097864,0.0,0.0,0.0,0.0,0.0,0.0,1.220698e-05,0.0003097864
0.063,0.00384,0.01113,0.0113,1.284805e-05,0.0003385694,0.0,0.0,0.0,0.0,0.0,0.0,1.284805e-05,0.0003385694
0.063,0.00384,0.01123,0.0114,1.352127e-05,0.0003752724,0.0,0.0,0.0,0.0,0.0,0.0,1.352127e-05,0.0003752724
0.063,0.00384,0.01133,0.0115,1.422847e-05,0.0004205711,0.0,0.0,0.0,0.0,0.0,0.0,1.422847e-05,0.0004205711
0.063,0.00383,0.01143,0.0116,1.497185e-05,0.0004751158,0.0,0.0,0.0,0.0,0.0,0.0,1.497185e-05,0.0004751158
0.063,0.00383,0.01153,0.0117,1.575411e-05,0.0005395002,0.0,0.0,0.0,0.0,0.0,0.0,1.575411e-05,0.0005395002
0.063,0.00383,0.01163,0.0118,1.657892e-05,0.0006142229,0.0,0.0,0.0,0.0,0.0,0.0,1.657892e-05,0.0006142229
0.063,0.00383,0.01173,0.0119,1.745154e-05,0.0006996443,0.0,0.0,0.0,0.0,0.0,0.0,1.745154e-05,0.0006996443
0.063,0.00383,0.01183,0.012,1.837995e-05,0.0007959451,0.0,0.0,0.0,0.0,0.0,0.0,1.837995e-05,0.0007959451
0.063,0.00382,0.01193,0.0121,1.937683e-05,0.0009030883,0.0,0.0,0.0,0.0,0.0,0.0,1.937683e-05,0.0009030883
0.063,0.00382,0.01203,0.0122,2.046254e-05,0.001020792,0.0,0.0,0.0,0.0,0.0,0.0,2.046254e-05,0.001020792
0.063,0.00382,0.01213,0.0123,2.166999e-05,0.001148515,0.0,0.0,0.0,0.0,0.0,0.0,2.166999e-05,0.001148515
0.063,0.00382,0.01223,0.0124,2.305202e-05,0.00128546,0.0,0.0,0.0,0.0,0.0,0.0,2.305202e-05,0.00128546
0.063,0.00381,0.01233,0.0125,2.469219e-05,0.001430602,0.0,0.0,0.0,0.0,0.0,0.0,2.469219e-05,0.001430602
0.063,0.00381,0.01243,0.0126,2.672029e-05,0.001582735,0.0,0.0,0.0,0.0,0.0,0.0,2.672029e-05,0.001582735
0.063,0.00381,0.01253,0.0127,2.933357e-05,0.001740558,0.0,0.0,0.0,0.0,0.0,0.0,2.933357e-05,0.001740558
0.063,0.00381,0.01263,0.0128,3.282478e-05,0.001902784,0.0,0.0,0.0,0.0,0.0,0.0,3.282478e-05,0.001902784
0.063,0.0038,0.01273,0.0129,3.761744e-05,0.002068289,0.0,0.0,0.0,0.0,0.0,0.0,3.761744e-05,0.002068289
0.063,0.0038,0.01283,0.013,4.4308e-05,0.002236292,0.0,0.0,0.0,0.0,0.0,0.0,4.4308e-05,0.002236292
0.063,0.0038,0.01293,0.0131,5.371278e-05,0.002406554,0.0,0.0,0.0,0.0,0.0,0.0,5.371278e-05,0.002406554
0.063,0.00379,0.01303,0.0132,6.691582e-05,0.002579598,0.0,0.0,0.0,0.0,0.0,0.0,6.691582e-05,0.002579598
0.063,0.00379,0.01313,0.0133,8.531108e-05,0.002756911,0.0,0.0,0.0,0.0,0.0,0.0,8.531108e-05,0.002756911
0.063,0.00379,0.01323,0.0134,0.0001106298,0.002941118,0.0,0.0,0.0,0.0,0.0,0.0,0.0001106298,0.002941118
0.063,0.00379,0.01333,0.0135,0.0001449415,0.003136078,0.0,0.0,0.0,0.0,0.0,0.0,0.0001449415,0.003136078
0.063,0.00378,0.01343,0.0136,0.0001906164,0.003346869,0.0,0.0,0.0,0.0,0.0,0.0,0.0001906164,0.003346869
0.063,0.00378,0.01353,0.0137,0.000250236,0.003579632,0.0,0.0,0.0,0.0,0.0,0.0,0.000250236,0.003579632
0.063,0.00378,0.01363,0.0138,0.0003264445,0.003841232,0.0,0.0,0.0,0.0,0.0,0.0,0.0003264445,0.003841232
0.063,0.00378,0.01373,0.0139,0.000421736,0.004138737,0.0,0.0,0.0,0.0,0.0,0.0,0.000421736,0.004138737
0.063,0.00377,0.01383,0.014,0.0005381863,0.004478727,0.0,0.0,0.0,0.0,0.0,0.0,0.0005381863,0.004478727
0.063,0.00377,0.01393,0.0141,0.0006771441,0.004866474,0.0,0.0,0.0,0.0,0.0,0.0,0.0006771441,0.004866474
0.063,0.00377,0.01403,0.0142,0.0008389137,0.005305075,0.0,0.0,0.0,0.0,0.0,0.0,0.0008389137,0.005305075
0.063,0.00376,0.01413,0.0143,0.001022467,0.005794652,0.0,0.0,0.0,0.0,0.0,0.0,0.001022467,0.005794652
0.063,0.00376,0.01423,0.0144,0.001225229,0.006331715,0.0,0.0,0.0,0.0,0.0,0.0,0.001225229,0.006331715
0.063,0.00376,0.01433,0.0145,0.001442989,0.006908836,0.0,0.0,0.0,0.0,0.0,0.0,0.001442989,0.006908836
0.063,0.00376,0.01443,0.0146,0.001669962,0.007514696,0.0,0.0,0.0,0.0,0.0,0.0,0.001669962,0.007514696
0.063,0.00375,0.01453,0.0147,0.001899033,0.008134567,0.0,0.0,0.0,0.0,0.0,0.0,0.001899033,0.008134567
0.063,0.00375,0.01463,0.0148,0.002122163,0.008751203,0.0,0.0,0.0,0.0,0.0,0.0,0.002122163,0.008751203
0.063,0.00375,0.01473,0.0149,0.002330947,0.009346046,0.0,0.0,0.0,0.0,0.0,0.0,0.002330947,0.009346046
0.063,0.00374,0.01483,0.015,0.002517247,0.009900615,0.0,0.0,0.0,0.0,0.0,0.0,0.002517247,0.009900615
0.063,0.00374,0.01493,0.0151,0.00267384,0.01039788,0.0,0.0,0.0,0.0,0.0,0.0,0.00267384,0.01039788
0.063,0.00374,0.01503,0.0152,0.002794992,0.01082343,0.0,0.0,0.0,0.0,0.0,0.0,0.002794992,0.01082343
0.063,0.00373,0.01513,0.0153,0.002876892,0.01116632,0.0,0.0,0.0,0.0,0.0,0.0,0.002876892,0.01116632
0.063,0.00373,0.01523,0.0154,0.002917888,0.01141941,0.0,0.0,0.0,0.0,0.0,0.0,0.002917888,0.01141941
0.063,0.00373,0.01533,0.0155,0.002918493,0.01157929,0.0,0.0,0.0,0.0,0.0,0.0,0.002918493,0.01157929
0.063,0.00373,0.01543,0.0156,0.002881186,0.01164582,0.0,0.0,0.0,0.0,0.0,0.0,0.002881186,0.01164582
0.063,0.00372,0.01553,0.0157,0.002810041,0.01162142,0.0,0.0,0.0,0.0,0.0,0.0,0.002810041,0.01162142
0.063,0.00372,0.01563,0.0158,0.002710244,0.01151024,0.0,0.0,0.0,0.0,0.0,0.0,0.002710244,0.01151024
0.063,0.00372,0.01573,0.0159,0.002587585,0.01131758,0.0,0.0,0.0,0.0,0.0,0.0,0.002587585,0.01131758
0.063,0.00371,0.01583,0.016,0.002447986,0.01104937,0.0,0.0,0.0,0.0,0.0,0.0,0.002447986,0.01104937
0.063,0.00371,0.01593,0.0161,0.002297129,0.01071208,0.0,0.0,0.0,0.0,0.0,0.0,0.002297129,0.01071208
0.063,0.00371,0.01603,0.0162,0.002140207,0.01031286,0.0,0.0,0.0,0.0,0.0,0.0,0.002140207,0.01031286
0.063,0.0037,0.01613,0.0163,0.00198181,0.009859822,0.0,0.0,0.0,0.0,0.0,0.0,0.00198181,0.009859822
0.063,0.0037,0.01623,0.0164,0.001825912,0.009362414,0.0,0.0,0.0,0.0,0.0,0.0,0.001825912,0.009362414
0.063,0.0037,0.01633,0.0165,0.001675948,0.008831646,0.0,0.0,0.0,0.0,0.0,0.0,0.001675948,0.008831646
0.063,0.00369,0.01643,0.0166,0.001534896,0.00828011,0.0,0.0,0.0,0.0,0.0,0.0,0.001534896,0.00828011
0.063,0.00369,0.01653,0.0167,0.001410273,0.0077217,4.880769e-06,0.0,0.0,0.0,2.126213e-08,0.0,0.001405371,0.0077217
0.063,0.00369,0.01664,0.0168,0.001304621,0.007171048,1.491365e-05,0.0,0.0,0.0,4.589491e-08,0.0,0.001289661,0.007171048
0.063,0.00368,0.01674,0.0169,0.00121635,0.006642738,2.656404e-05,6.43265e-21,0.0,0.0,6.747818e-08,0.0,0.001189719,0.006642738
0.063,0.00368,0.01684,0.017,0.001146861,0.006150418,3.967916e-05,0.0,0.0,0.0,8.992493e-08,0.0,0.001107092,0.006150418
0.063,0.00368,0.01694,0.0171,0.001096916,0.005705934,5.397997e-05,8.710493999999999e-21,0.0,0.0,1.14175e-07,0.0,0.001042822,0.005705934
0.063,0.00367,0.01704,0.0172,0.001066703,0.00531862,6.923435e-05,0.0,0.0,0.0,1.406061e-07,0.0,0.0009973277,0.00531862
0.063,0.00367,0.01714,0.0173,0.001055723,0.004994829,8.524989e-05,0.0,0.0,0.0,1.69397e-07,0.0,0.0009703037,0.004994829
0.063,0.00367,0.01724,0.0174,0.001062722,0.004737757,0.000101863,0.0,0.0,0.0,2.006358e-07,0.0,0.0009606586,0.004737757
0.063,0.00366,0.01734,0.0175,0.00108568,0.004547554,0.0001189312,0.0,0.0,0.0,2.343622e-07,0.0,0.0009665146,0.004547554
0.063,0.00366,0.01744,0.0176,0.001121875,0.00442169,0.0001363281,2.715117e-20,0.0,0.0,2.705877e-07,0.0,0.0009852765,0.00442169
0.063,0.00366,0.01754,0.0177,0.001168022,0.004355486,0.0001539395,1.823879e-20,0.0,0.0,3.093062e-07,0.0,0.001013773,0.004355486
0.063,0.00365,0.01764,0.0178,0.001220468,0.004342746,0.0001716614,5.513250999999999e-20,0.0,0.0,3.504997e-07,0.0,0.001048457,0.004342746
0.063,0.00365,0.01774,0.0179,0.001275444,0.004376399,0.0001893977,0.0,0.0,0.0,3.941425e-07,0.0,0.001085652,0.004376399
0.063,0.00365,0.01784,0.018,0.001329318,0.004449093,0.0002070592,0.0,0.0,0.0,4.402029e-07,0.0,0.001121819,0.004449093
0.063,0.00364,0.01794,0.0181,0.001378859,0.004553678,0.0002245624,1.879792e-20,0.0,0.0,4.886452e-07,0.0,0.001153808,0.004553678
0.063,0.00364,0.01804,0.0182,0.001421456,0.004683581,0.0002418289,0.0,0.0,0.0,5.394308e-07,0.0,0.001179088,0.004683581
0.063,0.00363,0.01814,0.0183,0.001455282,0.004833049,0.0002587844,7.632737999999999e-20,0.0,0.0,5.925185e-07,0.0,0.001195905,0.004833049
0.063,0.00363,0.01824,0.0184,0.001479384,0.004997269,0.0002753587,0.0,0.0,0.0,6.478658e-07,0.0,0.001203378,0.004997269
0.063,0.00363,0.01834,0.0185,0.001493696,0.005172397,0.0002914849,0.0,0.0,0.0,7.054286e-07,0.0,0.001201506,0.005172397
0.063,0.00362,0.01844,0.0186,0.001498965,0.005355508,0.0003070992,0.0,0.0,0.0,7.651621e-07,0.0,0.001191101,0.005355508
0.063,0.00362,0.01854,0.0187,0.001496613,0.005544497,0.0003221408,0.0,0.0,0.0,8.270205e-07,0.0,0.001173645,0.005544497
0.063,0.00362,0.01864,0.0188,0.001488553,0.005737939,0.0003365514,7.921938e-20,0.0,0.0,8.909576e-07,0.0,0.001151111,0.005737939
0.063,0.00361,0.01874,0.0189,0.001476976,0.005934948,0.000350275,0.0,0.0,0.0,9.569269e-07,0.0,0.001125744,0.005934948
0.063,0.00361,0.01884,0.019,0.001464135,0.006135025,0.0003632581,0.0,0.0,0.0,1.024882e-06,0.0,0.001099852,0.006135025
0.063,0.0036,0.01894,0.0191,0.001452154,0.006337923,0.0003754491,0.0,0.0,0.0,1.094775e-06,0.0,0.00107561,0.006337923
0.063,0.0036,0.01904,0.0192,0.001442875,0.006543525,0.0003867984,0.0,0.0,0.0,1.166559e-06,0.0,0.00105491,0.006543525
0.063,0.0036,0.01914,0.0193,0.001437751,0.006751753,0.0003972582,0.0,0.0,0.0,1.240187e-06,0.0,0.001039253,0.006751753
0.063,0.00359,0.01924,0.0194,0.001437794,0.006962493,0.0004067826,0.0,0.0,0.0,1.315613e-06,0.0,0.001029696,0.006962493
0.063,0.00359,0.01934,0.0195,0.001443566,0.007175555,0.0004153269,0.0,0.0,0.0,1.392789e-06,0.0,0.001026846,0.007175555
0.063,0.00358,0.01944,0.0196,0.001455215,0.007390644,0.0004228486,0.0,0.0,0.0,1.471668e-06,0.0,0.001030894,0.007390644
0.063,0.00358,0.01954,0.0197,0.001472539,0.007607365,0.0004293061,2.538776e-19,0.0,0.0,1.552204e-06,0.0,0.00104168,0.007607365
0.063,0.00358,0.01964,0.0198,0.00149506,0.007825233,0.0004346595,4.262168e-20,0.0,0.0,1.634351e-06,0.0,0.001058766,0.007825233
0.063,0.00357,0.01974,0.0199,0.001522111,0.008043694,0.0004388701,0.0,0.0,0.0,1.718061e-06,0.0,0.001081523,0.008043694
0.063,0.00357,0.01984,0.02,0.00155291,0.008262158,0.0004419005,2.5946659999999996e-19,0.0,0.0,1.80329e-06,0.0,0.001109206,0.008262158
0.063,0.00356,0.01994,0.0201,0.001586629,0.008480025,0.0004437147,0.0,0.0,0.0,1.889991e-06,0.0,0.001141025,0.008480025
0.063,0.00356,0.02004,0.0202,0.001622451,0.008696711,0.0004442774,4.3874309999999997e-20,0.0,0.0,1.978119e-06,0.0,0.001176195,0.008696711
0.063,0.00356,0.02014,0.0203,0.001659604,0.008911664,0.000443555,0.0,0.0,0.0,2.067629e-06,0.0,0.001213981,0.008911664
0.063,0.00355,0.02024,0.0204,0.001697391,0.009124379,0.0004415144,0.0,0.0,0.0,2.158475e-06,0.0,0.001253718,0.009124379
0.063,0.00355,0.02034,0.0205,0.001735206,0.009334403,0.000438124,0.0,0.0,0.0,2.250614e-06,0.0,0.001294831,0.009334403
0.063,0.00354,0.02044,0.0206,0.001772536,0.009541325,0.0004333529,1.354681e-19,0.0,0.0,2.344002e-06,0.0,0.001336839,0.009541325
0.063,0.00354,0.02054,0.0207,0.001808964,0.00974478,0.0004271714,4.548114e-20,0.0,0.0,2.438593e-06,0.0,0.001379354,0.00974478
0.063,0.00354,0.02064,0.0208,0.00184416,0.009944425,0.0004195505,0.0,0.0,0.0,2.534345e-06,0.0,0.001422075,0.009944425
0.063,0.00353,0.02074,0.0209,0.001877877,0.01013994,0.0004104624,0.0,0.0,0.0,2.631215e-06,0.0,0.001464784,0.01013994
0.063,0.00353,0.02084,0.021,0.001909935,0.010331,0.0003998801,9.293609999999999e-20,0.0,0.0,2.72916e-06,0.0,0.001507326,0.010331
0.063,0.00352,0.02094,0.0211,0.00194021,0.0105173,0.0003877774,0.0,0.0,0.0,2.828137e-06,0.0,0.001549605,0.0105173
0.063,0.00352,0.02104,0.0212,0.001968623,0.01069848,0.0003741292,0.0,0.0,0.0,2.928104e-06,0.0,0.001591566,0.01069848
0.063,0.00352,0.02114,0.0213,0.001995123,0.01087422,0.0003589114,4.7472749999999996e-20,0.0,0.0,3.029019e-06,0.0,0.001633183,0.01087422
0.063,0.00351,0.02124,0.0214,0.002019678,0.01104415,0.0003421006,0.0,0.0,0.0,3.130842e-06,0.0,0.001674447,0.01104415
0.063,0.00351,0.02134,0.0215,0.002042264,0.01120789,0.0003236745,9.630539999999999e-20,0.0,0.0,3.23353e-06,0.0,0.001715356,0.01120789
0.063,0.0035,0.02144,0.0216,0.002062852,0.01136508,0.0003036118,2.42479e-20,0.0,0.0,3.337044e-06,0.0,0.001755903,0.01136508
0.063,0.0035,0.02154,0.0217,0.002081405,0.01151534,0.0002818921,0.0,0.0,0.0,3.441344e-06,0.0,0.001796072,0.01151534
0.063,0.00349,0.02164,0.0218,0.002097874,0.0116583,0.0002584961,9.837662e-20,0.0,0.0,3.546388e-06,0.0,0.001835832,0.0116583
0.063,0.00349,0.02174,0.0219,0.002112195,0.01179358,0.0002334058,0.0,0.0,0.0,3.652139e-06,0.0,0.001875137,0.01179358
0.063,0.00349,0.02184,0.022,0.002124288,0.01192085,0.0002066039,2.494471e-20,0.0,0.0,3.758557e-06,0.0,0.001913926,0.01192085
0.063,0.00348,0.02194,0.0221,0.002134062,0.01203979,0.0001780747,2.512163e-20,0.0,0.0,3.865603e-06,0.0,0.001952121,0.01203979
0.063,0.00348,0.02204,0.0222,0.002141415,0.01215008,0.0001478036,0.0,0.0,0.0,3.973239e-06,0.0,0.001989638,0.01215008
0.063,0.00347,0.02214,0.0223,0.002146241,0.01225146,0.0001157772,2.547881e-20,0.0,0.0,4.081427e-06,0.0,0.002026382,0.01225146
0.063,0.00347,0.02224,0.0224,0.00214843,0.01234366,8.198357e-05,6.414772e-21,0.0,0.0,4.190131e-06,0.0,0.002062256,0.01234366
0.063,0.00346,0.02235,0.0225,0.002147875,0.01242647,4.641228e-05,0.0,0.0,0.0,4.299312e-06,0.0,0.002097163,0.01242647
0.063,0.00346,0.02245,0.0226,0.002144472,0.01249969,9.054337e-06,0.0,0.0,0.0,4.408934e-06,0.0,0.002131009,0.01249969
0.063,0.00345,0.02255,0.0227,0.002168223,0.01256314,0.0,0.0,0.0,0.0,4.518961e-06,0.0,0.002163704,0.01256314
0.063,0.00345,0.02265,0.0228,0.002199795,0.01261669,0.0,0.0,0.0,0.0,4.629356e-06,0.0,0.002195166,0.01261669
0.063,0.00344,0.02275,0.0229,0.002230059,0.01266022,0.0,0.0,0.0,0.0,4.740086e-06,0.0,0.002225319,0.01266022
0.063,0.00344,0.02285,0.023,0.002258948,0.01269364,0.0,0.0,0.0,0.0,4.851114e-06,0.0,0.002254097,0.01269364
0.063,0.00344,0.02295,0.0231,0.002286402,0.01271691,0.0,0.0,0.0,0.0,4.962406e-06,0.0,0.00228144,0.01271691
0.063,0.00343,0.02305,0.0232,0.002312372,0.01272997,0.0,0.0,0.0,0.0,5.073928e-06,0.0,0.002307298,0.01272997
0.063,0.00343,0.02315,0.0233,0.002336813,0.01273283,0.0,0.0,0.0,0.0,5.185646e-06,0.0,0.002331628,0.01273283
0.063,0.00342,0.02325,0.0234,0.002359692,0.01272551,0.0,0.0,0.0,0.0,5.297526e-06,0.0,0.002354395,0.01272551
0.063,0.00342,0.02335,0.0235,0.00238098,0.01270805,0.0,0.0,0.0,0.0,5.409536e-06,0.0,0.00237557,0.01270805
0.063,0.00341,0.02345,0.0236,0.002400656,0.01268053,0.0,0.0,0.0,0.0,5.521643e-06,0.0,0.002395134,0.01268053
0.063,0.00341,0.02355,0.0237,0.002418705,0.01264304,0.0,0.0,0.0,0.0,5.633814e-06,0.0,0.002413071,0.01264304
0.063,0.0034,0.02365,0.0238,0.002435121,0.01259572,0.0,0.0,0.0,0.0,5.746019e-06,0.0,0.002429375,0.01259572
0.063,0.0034,0.02375,0.0239,0.002449902,0.0125387,0.0,0.0,0.0,0.0,5.858225e-06,0.0,0.002444044,0.0125387
0.063,0.00339,0.02385,0.024,0.002463053,0.01247217,0.0,0.0,0.0,0.0,5.970403e-06,0.0,0.002457083,0.01247217
0.063,0.00339,0.02395,0.0241,0.002474585,0.01239632,0.0,0.0,0.0,0.0,6.08252e-06,0.0,0.002468503,0.01239632
0.063,0.00338,0.02405,0.0242,0.002484516,0.01231136,0.0,0.0,0.0,0.0,6.194547e-06,0.0,0.002478321,0.01231136
0.063,0.00338,0.02415,0.0243,0.002492868,0.01221755,0.0,0.0,0.0,0.0,6.306455e-06,0.0,0.002486561,0.01221755
0.063,0.00337,0.02425,0.0244,0.002499669,0.01211512,0.0,0.0,0.0,0.0,6.418214e-06,0.0,0.00249325,0.01211512
0.063,0.00337,0.02435,0.0245,0.002504952,0.01200438,0.0,0.0,0.0,0.0,6.529795e-06,0.0,0.002498423,0.01200438
0.063,0.00336,0.02445,0.0246,0.002508758,0.01188561,0.0,0.0,0.0,0.0,6.64117e-06,0.0,0.002502117,0.01188561
0.063,0.00336,0.02455,0.0247,0.002511128,0.01175912,0.0,0.0,0.0,0.0,6.75231e-06,0.0,0.002504376,0.01175912
0.063,0.00335,0.02465,0.0248,0.002512111,0.01162526,0.0,0.0,0.0,0.0,6.863188e-06,0.0,0.002505248,0.01162526
0.063,0.00335,0.02475,0.0249,0.00251176,0.01148436,0.0,0.0,0.0,0.0,6.973776e-06,0.0,0.002504786,0.01148436
0.063,0.00334,0.02485,0.025,0.002510129,0.01133679,0.0,0.0,0.0,0.0,7.084048e-06,0.0,0.002503045,0.01133679
0.063,0.00334,0.02495,0.0251,0.002507279,0.0111829,0.0,0.0,0.0,0.0,7.193977e-06,0.0,0.002500085,0.0111829
0.063,0.00333,0.02505,0.0252,0.00250325,0.01102309,0.0,0.0,0.0,0.0,7.281338e-06,0.0,0.002495969,0.01102309
0.063,0.00333,0.02515,0.0253,0.002498109,0.01085773,0.0,0.0,0.0,0.0,7.347244e-06,0.0,0.002490762,0.01085773
0.063,0.00332,0.02525,0.0254,0.002491943,0.01068723,0.0,0.0,0.0,0.0,7.412221e-06,0.0,0.002484531,0.01068723
0.063,0.00332,0.02535,0.0255,0.002484822,0.01051199,0.0,0.0,0.0,0.0,7.476263e-06,0.0,0.002477346,0.01051199
0.063,0.00331,0.02545,0.0256,0.002476819,0.0103324,0.0,0.0,0.0,0.0,7.539366e-06,0.0,0.002469279,0.0103324
0.063,0.00331,0.02555,0.0257,0.002468004,0.01014889,0.0,0.0,0.0,0.0,7.601522e-06,0.0,0.002460402,0.01014889
0.063,0.0033,0.02565,0.0258,0.002458451,0.009961852,0.0,0.0,0.0,0.0,7.662726e-06,0.0,0.002450788,0.009961852
0.063,0.0033,0.02575,0.0259,0.002448234,0.009771701,0.0,0.0,0.0,0.0,7.722974e-06,0.0,0.002440511,0.009771701
0.063,0.00329,0.02585,0.026,0.002437425,0.009578845,0.0,0.0,0.0,0.0,7.782261e-06,0.0,0.002429643,0.009578845
0.063,0.00329,0.02595,0.0261,0.002426098,0.009383688,0.0,0.0,0.0,0.0,7.840582e-06,0.0,0.002418258,0.009383688
0.063,0.00328,0.02605,0.0262,0.002414326,0.009186631,0.0,0.0,0.0,0.0,7.897934e-06,0.0,0.002406428,0.009186631
0.063,0.00328,0.02615,0.0263,0.002402178,0.008988069,0.0,0.0,0.0,0.0,7.954312e-06,0.0,0.002394223,0.008988069
0.063,0.00327,0.02625,0.0264,0.002389724,0.008788389,0.0,0.0,0.0,0.0,8.009712e-06,0.0,0.002381715,0.008788389
0.063,0.00327,0.02635,0.0265,0.002377033,0.008587973,0.0,0.0,0.0,0.0,8.064132e-06,0.0,0.002368969,0.008587973
0.063,0.00326,0.02645,0.0266,0.002364169,0.008387192,0.0,0.0,0.0,0.0,8.117568e-06,0.0,0.002356051,0.008387192
0.063,0.00326,0.02655,0.0267,0.002351196,0.008186408,0.0,0.0,0.0,0.0,8.170017e-06,0.0,0.002343026,0.008186408
0.063,0.00325,0.02665,0.0268,0.002338174,0.007985972,0.0,0.0,0.0,0.0,8.221478e-06,0.0,0.002329953,0.007985972
0.063,0.00325,0.02675,0.0269,0.002325161,0.007786222,0.0,0.0,0.0,0.0,8.271947e-06,0.0,0.002316889,0.007786222
0.063,0.00324,0.02686,0.027,0.002312212,0.007587486,0.0,0.0,0.0,0.0,8.321423e-06,0.0,0.00230389,0.007587486
0.063,0.00323,0.02696,0.0271,0.002299377,0.007390075,0.0,0.0,0.0,0.0,8.369903e-06,0.0,0.002291007,0.007390075
0.063,0.00323,0.02706,0.0272,0.002286705,0.00719429,0.0,0.0,0.0,0.0,8.417386e-06,0.0,0.002278287,0.00719429
0.063,0.00322,0.02716,0.0273,0.00227424,0.007000416,0.0,0.0,0.0,0.0,8.463872e-06,0.0,0.002265776,0.007000416
0.063,0.00322,0.02726,0.0274,0.002262022,0.00680872,0.0,0.0,0.0,0.0,8.509358e-06,0.0,0.002253513,0.00680872
0.063,0.00321,0.02736,0.0275,0.002250089,0.00661946,0.0,0.0,0.0,0.0,8.553843e-06,0.0,0.002241536,0.00661946
0.063,0.00321,0.02746,0.0276,0.002238475,0.006432871,0.0,0.0,0.0,0.0,8.597328e-06,0.0,0.002229877,0.006432871
0.063,0.0032,0.02756,0.0277,0.002227207,0.006249178,0.0,0.0,0.0,0.0,8.639811e-06,0.0,0.002218568,0.006249178
0.063,0.0032,0.02766,0.0278,0.002216313,0.006068587,0.0,0.0,0.0,0.0,8.681292e-06,0.0,0.002207632,0.006068587
0.063,0.00319,0.02776,0.0279,0.002205814,0.005891288,0.0,0.0,0.0,0.0,8.721772e-06,0.0,0.002197093,0.005891288
0.063,0.00319,0.02786,0.028,0.002195729,0.005717455,0.0,0.0,0.0,0.0,8.76125e-06,0.0,0.002186967,0.005717455
0.063,0.00318,0.02796,0.0281,0.002186071,0.005547245,0.0,0.0,0.0,0.0,8.799727e-06,0.0,0.002177271,0.005547245
0.063,0.00317,0.02806,0.0282,0.002176852,0.005380801,0.0,0.0,0.0,0.0,8.837202e-06,0.0,0.002168015,0.005380801
0.063,0.00317,0.02816,0.0283,0.00216808,0.005218247,0.0,0.0,0.0,0.0,8.873678e-06,0.0,0.002159206,0.005218247
0.063,0.00316,0.02826,0.0284,0.002159758,0.005059694,0.0,0.0,0.0,0.0,8.909155e-06,0.0,0.002150849,0.005059694
0.063,0.00316,0.02836,0.0285,0.002151888,0.004905237,0.0,0.0,0.0,0.0,8.943633e-06,0.0,0.002142944,0.004905237
0.063,0.00315,0.02846,0.0286,0.002144468,0.004754954,0.0,0.0,0.0,0.0,8.977115e-06,0.0,0.00213549,0.004754954
0.063,0.00315,0.02856,0.0287,0.002137492,0.00460891,0.0,0.0,0.0,0.0,9.009602e-06,0.0,0.002128482,0.00460891
0.063,0.00314,0.02866,0.0288,0.002130953,0.004467156,0.0,0.0,0.0,0.0,9.041094e-06,0.0,0.002121911,0.004467156
0.063,0.00313,0.02876,0.0289,0.00212484,0.004329728,0.0,0.0,0.0,0.0,9.071595e-06,0.0,0.002115768,0.004329728
0.063,0.00313,0.02886,0.029,0.002119141,0.00419665,0.0,0.0,0.0,0.0,9.101106e-06,0.0,0.00211004,0.00419665
0.063,0.00312,0.02896,0.0291,0.002113841,0.004067933,0.0,0.0,0.0,0.0,9.129629e-06,0.0,0.002104711,0.004067933
0.063,0.00312,0.02906,0.0292,0.002108922,0.003943574,0.0,0.0,0.0,0.0,9.157166e-06,0.0,0.002099765,0.003943574
0.063,0.00311,0.02916,0.0293,0.002104367,0.003823561,0.0,0.0,0.0,0.0,9.183721e-06,0.0,0.002095183,0.003823561
0.063,0.0031,0.02926,0.0294,0.002100154,0.00370787,0.0,0.0,0.0,0.0,9.209294e-06,0.0,0.002090945,0.00370787
0.063,0.0031,0.02936,0.0295,0.002096262,0.003596466,0.0,0.0,0.0,0.0,9.23389e-06,0.0,0.002087028,0.003596466
0.063,0.00309,0.02946,0.0296,0.002092667,0.003489306,0.0,0.0,0.0,0.0,9.257511e-06,0.0,0.002083409,0.003489306
0.063,0.00309,0.02956,0.0297,0.002089345,0.003386336,0.0,0.0,0.0,0.0,9.280161e-06,0.0,0.002080064,0.003386336
0.063,0.00308,0.02966,0.0298,0.00208627,0.003287495,0.0,0.0,0.0,0.0,9.301841e-06,0.0,0.002076969,0.003287495
0.063,0.00307,0.02986,0.03,0.002080761,0.003101917,0.0,0.0,0.0,0.0,9.34231e-06,0.0,0.002071419,0.003101917
0.063,0.00301,0.03087,0.031,0.002058989,0.002392471,0.0,0.0,0.0,0.0,9.487798e-06,0.0,0.002049501,0.002392471
0.063,0.00295,0.03187,0.032,0.002028493,0.001968054,0.0,0.0,0.0,0.0,9.541826e-06,0.0,0.002018952,0.001968054
0.063,0.00288,0.03287,0.033,0.001970764,0.001720639,0.0,0.0,0.0,0.0,9.509724e-06,0.0,0.001961254,0.001720639
0.063,0.00281,0.03387,0.034,0.001877362,0.001564359,0.0,0.0,0.0,0.0,9.397665e-06,0.0,0.001867964,0.001564359
0.063,0.00274,0.03488,0.035,0.001748534,0.001444145,0.0,0.0,0.0,0.0,9.212472e-06,0.0,0.001739321,0.001444145
0.063,0.00267,0.03588,0.036,0.001590314,0.00133142,0.0,0.0,0.0,0.0,8.961443e-06,0.0,0.001581352,0.00133142
0.063,0.0026,0.03688,0.037,0.001411817,0.001215384,0.0,0.0,0.0,0.0,8.652188e-06,0.0,0.001403165,0.001215384
0.063,0.00252,0.03789,0.038,0.001223216,0.001095027,0.0,0.0,0.0,0.0,8.292491e-06,0.0,0.001214924,0.001095027
0.063,0.00245,0.03889,0.039,0.001034312,0.0009736145,0.0,0.0,0.0,0.0,7.890186e-06,0.0,0.001026422,0.0009736145
0.063,0.00237,0.03989,0.04,0.0008535707,0.0008555049,0.0,0.0,0.0,0.0,7.453044e-06,0.0,0.0008461177,0.0008555049
0.063,0.00229,0.0409,0.041,0.000687538,0.0007445655,0.0,0.0,0.0,0.0,6.988677e-06,0.0,0.0006805493,0.0007445655
0.063,0.0022,0.0419,0.042,0.000540588,0.0006435248,0.0,0.0,0.0,0.0,6.504451e-06,0.0,0.0005340836,0.0006435248
0.063,0.00212,0.04291,0.043,0.0004149635,0.0005538363,0.0,0.0,0.0,0.0,6.007413e-06,0.0,0.0004089561,0.0005538363
0.063,0.00203,0.04391,0.044,0.000311038,0.0004758118,0.0,0.0,0.0,0.0,5.504231e-06,0.0,0.0003055337,0.0004758118
0.063,0.00194,0.04491,0.045,0.0002277183,0.0004088842,0.0,0.0,0.0,0.0,5.001142e-06,0.0,0.0002227172,0.0004088842
0.063,0.00185,0.04592,0.046,0.0001629048,0.0003519129,0.0,0.0,0.0,0.0,4.503908e-06,0.0,0.0001584009,0.0003519129
0.063,0.00176,0.04692,0.047,0.0001139356,0.0003034736,0.0,0.0,0.0,0.0,4.017789e-06,0.0,0.0001099178,0.0003034736
0.063,0.00166,0.04793,0.048,7.796617e-05,0.0002620957,0.0,0.0,0.0,0.0,3.547514e-06,0.0,7.441865e-05,0.0002620957
0.063,0.00157,0.04893,0.049,5.225552e-05,0.0002264304,0.0,0.0,0.0,0.0,3.097274e-06,0.0,4.915825e-05,0.0002264304
0.063,0.00147,0.04993,0.05,3.435243e-05,0.0001953476,0.0,0.0,0.0,0.0,2.670706e-06,0.0,3.168173e-05,0.0001953476
0.063,0.00137,0.05094,0.051,2.219214e-05,0.0001679711,0.0,0.0,0.0,0.0,2.270899e-06,0.0,1.992124e-05,0.0001679711
0.063,0.00126,0.05194,0.052,1.412166e-05,0.0001436678,0.0,0.0,0.0,0.0,1.900398e-06,0.0,1.222126e-05,0.0001436678
0.063,0.00116,0.05295,0.053,8.876055e-06,0.0001220087,0.0,0.0,0.0,0.0,1.561215e-06,0.0,7.31484e-06,0.0001220087
0.063,0.00105,0.05395,0.054,5.526345e-06,0.0001027163,0.0,0.0,0.0,0.0,1.254847e-06,0.0,4.271498e-06,0.0001027163
0.063,0.00094,0.05496,0.055,3.415843e-06,8.561189e-05,0.0,0.0,0.0,0.0,9.822995e-07,0.0,2.433543e-06,8.561189e-05
0.063,0.00083,0.05596,0.056,2.096737e-06,7.05701e-05,0.0,0.0,0.0,0.0,7.441077e-07,0.0,1.352629e-06,7.05701e-05
0.063,0.00072,0.05697,0.057,1.273863e-06,5.748416e-05,0.0,0.0,0.0,0.0,5.40369e-07,0.0,7.334935e-07,5.748416e-05
0.063,0.0006,0.05797,0.058,7.588249e-07,4.624369e-05,0.0,0.0,0.0,0.0,3.707739e-07,0.0,3.88051e-07,4.624369e-05
0.063,0.00049,0.05898,0.059,4.349267e-07,3.67231e-05,0.0,0.0,0.0,0.0,2.346394e-07,0.0,2.002873e-07,3.67231e-05
0.063,0.00037,0.05998,0.06,2.31799e-07,2.877851e-05,0.0,0.0,0.0,0.0,1.309463e-07,0.0,1.008527e-07,2.877851e-05
0.063,0.00025,0.06099,0.061,1.079202e-07,2.22505e-05,0.0,0.0,0.0,0.0,5.837656e-08,0.0,4.954364e-08,2.22505e-05
0.063,0.00012,0.06199,0.062,3.909682e-08,1.697006e-05,0.0,0.0,0.0,0.0,1.535293e-08,0.0,2.374389e-08,1.697006e-05
